country_iso3,indicator,year,value
ARG,NY.GDP.MKTP.CD,2024,633266692533689
ARG,NY.GDP.MKTP.CD,2023,646075277525125
ARG,NY.GDP.MKTP.CD,2022,632790070063124
ARG,NY.GDP.MKTP.CD,2021,486564085480036
ARG,NY.GDP.MKTP.CD,2020,385740508436965
ARG,NY.GDP.MKTP.CD,2019,447754683615225
ARG,NY.GDP.MKTP.CD,2018,524819892360176
ARG,NY.GDP.MKTP.CD,2017,643628393281364
ARG,NY.GDP.MKTP.CD,2016,557532320662955
ARG,NY.GDP.MKTP.CD,2015,594749285413212
ARG,NY.GDP.MKTP.CD,2014,526319673731638
ARG,NY.GDP.MKTP.CD,2013,552025140252246
ARG,NY.GDP.MKTP.CD,2012,545982375701128
ARG,NY.GDP.MKTP.CD,2011,530158122010442
ARG,NY.GDP.MKTP.CD,2010,423627422092.49
ARG,NY.GDP.MKTP.CD,2009,332976484577619
ARG,NY.GDP.MKTP.CD,2008,361558037110419
ARG,NY.GDP.MKTP.CD,2007,287530508430568
ARG,NY.GDP.MKTP.CD,2006,232557260817308
ARG,NY.GDP.MKTP.CD,2005,198737095012282
ARG,NY.GDP.MKTP.CD,2004,164657930452787
ARG,NY.GDP.MKTP.CD,2003,127586973492177
ARG,NY.GDP.MKTP.CD,2002,97724004251.8602
ARG,NY.GDP.MKTP.CD,2001,268696750000.0
ARG,NY.GDP.MKTP.CD,2000,284203750000.0
BOL,NY.GDP.MKTP.CD,2024,49668296743.8495
BOL,NY.GDP.MKTP.CD,2023,45135398002.8944
BOL,NY.GDP.MKTP.CD,2022,44008282879.8842
BOL,NY.GDP.MKTP.CD,2021,40406111693.1983
BOL,NY.GDP.MKTP.CD,2020,36629843806.0781
BOL,NY.GDP.MKTP.CD,2019,40895322850.9407
BOL,NY.GDP.MKTP.CD,2018,40287647930.5355
BOL,NY.GDP.MKTP.CD,2017,37508642170767
BOL,NY.GDP.MKTP.CD,2016,33941126193.9219
BOL,NY.GDP.MKTP.CD,2015,33000198248.9146
BOL,NY.GDP.MKTP.CD,2014,32996188017.3661
BOL,NY.GDP.MKTP.CD,2013,30659338885.6729
BOL,NY.GDP.MKTP.CD,2012,27084497481.9103
BOL,NY.GDP.MKTP.CD,2011,23963164696592
BOL,NY.GDP.MKTP.CD,2010,19649723722.1034
BOL,NY.GDP.MKTP.CD,2009,17339992193.7322
BOL,NY.GDP.MKTP.CD,2008,16674276285.8956
BOL,NY.GDP.MKTP.CD,2007,13120108008.3477
BOL,NY.GDP.MKTP.CD,2006,11451844902.2214
BOL,NY.GDP.MKTP.CD,2005,9549122905.32852
BOL,NY.GDP.MKTP.CD,2004,8773451751.5121
BOL,NY.GDP.MKTP.CD,2003,8082399639.54305
BOL,NY.GDP.MKTP.CD,2002,7905485146.44351
BOL,NY.GDP.MKTP.CD,2001,8141516928.39489
BOL,NY.GDP.MKTP.CD,2000,8397855484.76908
BRA,NY.GDP.MKTP.CD,2024,2179412080828.59
BRA,NY.GDP.MKTP.CD,2023,2191131765684.63
BRA,NY.GDP.MKTP.CD,2022,1951923942083.32
BRA,NY.GDP.MKTP.CD,2021,1670647398904.9
BRA,NY.GDP.MKTP.CD,2020,1476107231310.49
BRA,NY.GDP.MKTP.CD,2019,1873288205059.69
BRA,NY.GDP.MKTP.CD,2018,1916933898010.99
BRA,NY.GDP.MKTP.CD,2017,2063514977365.65
BRA,NY.GDP.MKTP.CD,2016,1795693482853.01
BRA,NY.GDP.MKTP.CD,2015,1802212206814.5
BRA,NY.GDP.MKTP.CD,2014,2456043727198.85
BRA,NY.GDP.MKTP.CD,2013,2472819535557.21
BRA,NY.GDP.MKTP.CD,2012,2465227802806.76
BRA,NY.GDP.MKTP.CD,2011,2616156223917.69
BRA,NY.GDP.MKTP.CD,2010,2208837745100.55
BRA,NY.GDP.MKTP.CD,2009,1666996438581.43
BRA,NY.GDP.MKTP.CD,2008,1695855083497.52
BRA,NY.GDP.MKTP.CD,2007,1397114486368.67
BRA,NY.GDP.MKTP.CD,2006,1107626541434.92
BRA,NY.GDP.MKTP.CD,2005,891633839894183
BRA,NY.GDP.MKTP.CD,2004,669289424806307
BRA,NY.GDP.MKTP.CD,2003,558233745651874
BRA,NY.GDP.MKTP.CD,2002,509795273806715
BRA,NY.GDP.MKTP.CD,2001,559983634798981
BRA,NY.GDP.MKTP.CD,2000,655448231983527
CHL,NY.GDP.MKTP.CD,2024,330267137371592
CHL,NY.GDP.MKTP.CD,2023,335518054097637
CHL,NY.GDP.MKTP.CD,2022,301226575540242
CHL,NY.GDP.MKTP.CD,2021,315325547162072
CHL,NY.GDP.MKTP.CD,2020,254042159309311
CHL,NY.GDP.MKTP.CD,2019,278285058719466
CHL,NY.GDP.MKTP.CD,2018,295857562991709
CHL,NY.GDP.MKTP.CD,2017,276154259981097
CHL,NY.GDP.MKTP.CD,2016,249344863928438
CHL,NY.GDP.MKTP.CD,2015,242450355830884
CHL,NY.GDP.MKTP.CD,2014,259560978224359
CHL,NY.GDP.MKTP.CD,2013,277395018842417
CHL,NY.GDP.MKTP.CD,2012,267024782486855
CHL,NY.GDP.MKTP.CD,2011,251382573893.87
CHL,NY.GDP.MKTP.CD,2010,217051209238534
CHL,NY.GDP.MKTP.CD,2009,171777900623892
CHL,NY.GDP.MKTP.CD,2008,179894594475405
CHL,NY.GDP.MKTP.CD,2007,172491076033863
CHL,NY.GDP.MKTP.CD,2006,153843518170864
CHL,NY.GDP.MKTP.CD,2005,122294145163192
CHL,NY.GDP.MKTP.CD,2004,99075985773.6682
CHL,NY.GDP.MKTP.CD,2003,76492579644.0605
CHL,NY.GDP.MKTP.CD,2002,70264045939.2773
CHL,NY.GDP.MKTP.CD,2001,71574739561.4329
CHL,NY.GDP.MKTP.CD,2000,78339750721364
PRY,NY.GDP.MKTP.CD,2024,44458118399.6669
PRY,NY.GDP.MKTP.CD,2023,43118053174.5413
PRY,NY.GDP.MKTP.CD,2022,41952910858088
PRY,NY.GDP.MKTP.CD,2021,39950899938.7482
PRY,NY.GDP.MKTP.CD,2020,35432178068.1814
PRY,NY.GDP.MKTP.CD,2019,37925338329.1494
PRY,NY.GDP.MKTP.CD,2018,40225448340.6322
PRY,NY.GDP.MKTP.CD,2017,38997129473.5558
PRY,NY.GDP.MKTP.CD,2016,36089700222.9461
PRY,NY.GDP.MKTP.CD,2015,36211447840.0971
PRY,NY.GDP.MKTP.CD,2014,40377929295.6419
PRY,NY.GDP.MKTP.CD,2013,38501122141.4241
PRY,NY.GDP.MKTP.CD,2012,33271921136315
PRY,NY.GDP.MKTP.CD,2011,33756238766.5
PRY,NY.GDP.MKTP.CD,2010,27260886405.2263
PRY,NY.GDP.MKTP.CD,2009,22355151161994
PRY,NY.GDP.MKTP.CD,2008,24615267663.5456
PRY,NY.GDP.MKTP.CD,2007,17856393235.4338
PRY,NY.GDP.MKTP.CD,2006,13429430050261
PRY,NY.GDP.MKTP.CD,2005,10737500188.1123
PRY,NY.GDP.MKTP.CD,2004,9624440836.29309
PRY,NY.GDP.MKTP.CD,2003,7691367471.17992
PRY,NY.GDP.MKTP.CD,2002,7196260656.84556
PRY,NY.GDP.MKTP.CD,2001,8495806432.18467
PRY,NY.GDP.MKTP.CD,2000,8855705139.55857
URY,NY.GDP.MKTP.CD,2024,80961511073.5797
URY,NY.GDP.MKTP.CD,2023,77991666837.7382
URY,NY.GDP.MKTP.CD,2022,70594110920.0358
URY,NY.GDP.MKTP.CD,2021,60739084240.8633
URY,NY.GDP.MKTP.CD,2020,53559359261826
URY,NY.GDP.MKTP.CD,2019,62222313618.8454
URY,NY.GDP.MKTP.CD,2018,65344577415.7535
URY,NY.GDP.MKTP.CD,2017,65005997963.4822
URY,NY.GDP.MKTP.CD,2016,57480787465.2716
URY,NY.GDP.MKTP.CD,2015,57680327998.6689
URY,NY.GDP.MKTP.CD,2014,61496186973902
URY,NY.GDP.MKTP.CD,2013,61337621933.7857
URY,NY.GDP.MKTP.CD,2012,54232266358.7811
URY,NY.GDP.MKTP.CD,2011,50342406067.0777
URY,NY.GDP.MKTP.CD,2010,41950361211.9581
URY,NY.GDP.MKTP.CD,2009,32708319077.5179
URY,NY.GDP.MKTP.CD,2008,31119602538.8322
URY,NY.GDP.MKTP.CD,2007,23797773024.3992
URY,NY.GDP.MKTP.CD,2006,19741420739.8901
URY,NY.GDP.MKTP.CD,2005,17362857683.8545
URY,NY.GDP.MKTP.CD,2004,13686329890.1191
URY,NY.GDP.MKTP.CD,2003,12045638351.8507
URY,NY.GDP.MKTP.CD,2002,13606515722.5864
URY,NY.GDP.MKTP.CD,2001,20898761742.2386
URY,NY.GDP.MKTP.CD,2000,22823270892.1094
ARG,NY.GDP.PCAP.CD,2024,13858.2039802008
ARG,NY.GDP.PCAP.CD,2023,14187.4827252965
ARG,NY.GDP.PCAP.CD,2022,13935.6811110049
ARG,NY.GDP.PCAP.CD,2021,10738.0179223384
ARG,NY.GDP.PCAP.CD,2020,8535.59938004389
ARG,NY.GDP.PCAP.CD,2019,9955.97478680428
ARG,NY.GDP.PCAP.CD,2018,11752.7998922979
ARG,NY.GDP.PCAP.CD,2017,14532.5009308511
ARG,NY.GDP.PCAP.CD,2016,12699.9623137756
ARG,NY.GDP.PCAP.CD,2015,13679.6264980954
ARG,NY.GDP.PCAP.CD,2014,12233.1444119186
ARG,NY.GDP.PCAP.CD,2013,12963.675773326
ARG,NY.GDP.PCAP.CD,2012,12949.717486654
ARG,NY.GDP.PCAP.CD,2011,12704.2831819684
ARG,NY.GDP.PCAP.CD,2010,10260.1313108254
ARG,NY.GDP.PCAP.CD,2009,8150.23527028221
ARG,NY.GDP.PCAP.CD,2008,8944.1102657357
ARG,NY.GDP.PCAP.CD,2007,7185.25155147027
ARG,NY.GDP.PCAP.CD,2006,5869.38028970204
ARG,NY.GDP.PCAP.CD,2005,5067.65342293276
ARG,NY.GDP.PCAP.CD,2004,4242.02099089422
ARG,NY.GDP.PCAP.CD,2003,3320.47775133903
ARG,NY.GDP.PCAP.CD,2002,2569.69963519124
ARG,NY.GDP.PCAP.CD,2001,7141.47507662826
ARG,NY.GDP.PCAP.CD,2000,7637.01489203628
BOL,NY.GDP.PCAP.CD,2024,4001.21133990795
BOL,NY.GDP.PCAP.CD,2023,3686.27996442176
BOL,NY.GDP.PCAP.CD,2022,3643.92826984604
BOL,NY.GDP.PCAP.CD,2021,3384.84486462654
BOL,NY.GDP.PCAP.CD,2020,3099.94219053514
BOL,NY.GDP.PCAP.CD,2019,3503.89601123129
BOL,NY.GDP.PCAP.CD,2018,3500.72642189887
BOL,NY.GDP.PCAP.CD,2017,3306.30301224425
BOL,NY.GDP.PCAP.CD,2016,3035.87347732132
BOL,NY.GDP.PCAP.CD,2015,2996.01289811344
BOL,NY.GDP.PCAP.CD,2014,3041.43503162408
BOL,NY.GDP.PCAP.CD,2013,2870.02377000756
BOL,NY.GDP.PCAP.CD,2012,2575.59857098084
BOL,NY.GDP.PCAP.CD,2011,2315.52121930607
BOL,NY.GDP.PCAP.CD,2010,1929.78373077158
BOL,NY.GDP.PCAP.CD,2009,1731.18172112209
BOL,NY.GDP.PCAP.CD,2008,1692.67248455876
BOL,NY.GDP.PCAP.CD,2007,1354.54905949929
BOL,NY.GDP.PCAP.CD,2006,1202.71150446327
BOL,NY.GDP.PCAP.CD,2005,1020.12326200737
BOL,NY.GDP.PCAP.CD,2004,953.191893246277
BOL,NY.GDP.PCAP.CD,2003,893.013760211149
BOL,NY.GDP.PCAP.CD,2002,888.221328974352
BOL,NY.GDP.PCAP.CD,2001,930.168227214313
BOL,NY.GDP.PCAP.CD,2000,975.777060358751
BRA,NY.GDP.PCAP.CD,2024,10280.3148624429
BRA,NY.GDP.PCAP.CD,2023,10377.5892792557
BRA,NY.GDP.PCAP.CD,2022,9281.33334441234
BRA,NY.GDP.PCAP.CD,2021,7972.5366498646
BRA,NY.GDP.PCAP.CD,2020,7074.19378337644
BRA,NY.GDP.PCAP.CD,2019,9029.83326681073
BRA,NY.GDP.PCAP.CD,2018,9300.66164923219
BRA,NY.GDP.PCAP.CD,2017,10080.5092819305
BRA,NY.GDP.PCAP.CD,2016,8836.28652735657
BRA,NY.GDP.PCAP.CD,2015,8936.19661712113
BRA,NY.GDP.PCAP.CD,2014,12274.9939689363
BRA,NY.GDP.PCAP.CD,2013,12458.8912138813
BRA,NY.GDP.PCAP.CD,2012,12521.7213519966
BRA,NY.GDP.PCAP.CD,2011,13396.6243562986
BRA,NY.GDP.PCAP.CD,2010,11403.2821278747
BRA,NY.GDP.PCAP.CD,2009,8678.6592244676
BRA,NY.GDP.PCAP.CD,2008,8908.33176538648
BRA,NY.GDP.PCAP.CD,2007,7409.69130673473
BRA,NY.GDP.PCAP.CD,2006,5934.14470924968
BRA,NY.GDP.PCAP.CD,2005,4827.78173074714
BRA,NY.GDP.PCAP.CD,2004,3663.823188064
BRA,NY.GDP.PCAP.CD,2003,3090.6070097455
BRA,NY.GDP.PCAP.CD,2002,2855.94018885769
BRA,NY.GDP.PCAP.CD,2001,3176.28935747524
BRA,NY.GDP.PCAP.CD,2000,3766.54811466032
CHL,NY.GDP.PCAP.CD,2024,16709.8893972307
CHL,NY.GDP.PCAP.CD,2023,17067.0364799154
CHL,NY.GDP.PCAP.CD,2022,15405.6165774073
CHL,NY.GDP.PCAP.CD,2021,16206.8325493421
CHL,NY.GDP.PCAP.CD,2020,13114.815470545
CHL,NY.GDP.PCAP.CD,2019,14495.716721687
CHL,NY.GDP.PCAP.CD,2018,15659.4808675628
CHL,NY.GDP.PCAP.CD,2017,14879.9086227187
CHL,NY.GDP.PCAP.CD,2016,13649.8520452803
CHL,NY.GDP.PCAP.CD,2015,13433.9202987032
CHL,NY.GDP.PCAP.CD,2014,14529.6767206336
CHL,NY.GDP.PCAP.CD,2013,15683.5486369155
CHL,NY.GDP.PCAP.CD,2012,15241.9069981119
CHL,NY.GDP.PCAP.CD,2011,14487.3927832032
CHL,NY.GDP.PCAP.CD,2010,12632.8704724192
CHL,NY.GDP.PCAP.CD,2009,10098.8017167286
CHL,NY.GDP.PCAP.CD,2008,10683.2188772511
CHL,NY.GDP.PCAP.CD,2007,10346.4138184533
CHL,NY.GDP.PCAP.CD,2006,9318.65655296121
CHL,NY.GDP.PCAP.CD,2005,7480.32330998636
CHL,NY.GDP.PCAP.CD,2004,6120.59152055344
CHL,NY.GDP.PCAP.CD,2003,4773.40177520754
CHL,NY.GDP.PCAP.CD,2002,4430.84741157984
CHL,NY.GDP.PCAP.CD,2001,4563.5952986689
CHL,NY.GDP.PCAP.CD,2000,5052.99245766325
PRY,NY.GDP.PCAP.CD,2024,6416.09709002917
PRY,NY.GDP.PCAP.CD,2023,6299.99026533643
PRY,NY.GDP.PCAP.CD,2022,6205.6259537937
PRY,NY.GDP.PCAP.CD,2021,5976.9317978996
PRY,NY.GDP.PCAP.CD,2020,5365.47220721191
PRY,NY.GDP.PCAP.CD,2019,5821.18199548637
PRY,NY.GDP.PCAP.CD,2018,6258.44991640954
PRY,NY.GDP.PCAP.CD,2017,6152.26711537703
PRY,NY.GDP.PCAP.CD,2016,5775.1596339946
PRY,NY.GDP.PCAP.CD,2015,5879.33792308671
PRY,NY.GDP.PCAP.CD,2014,6652.25478942291
PRY,NY.GDP.PCAP.CD,2013,6435.68342733182
PRY,NY.GDP.PCAP.CD,2012,5642.1699167298
PRY,NY.GDP.PCAP.CD,2011,5805.40154543044
PRY,NY.GDP.PCAP.CD,2010,4750.96273669322
PRY,NY.GDP.PCAP.CD,2009,3941.84815479271
PRY,NY.GDP.PCAP.CD,2008,4384.9546943793
PRY,NY.GDP.PCAP.CD,2007,3211.93621659546
PRY,NY.GDP.PCAP.CD,2006,2439.43124694576
PRY,NY.GDP.PCAP.CD,2005,1970.87169852378
PRY,NY.GDP.PCAP.CD,2004,1786.21533938543
PRY,NY.GDP.PCAP.CD,2003,1443.99885236205
PRY,NY.GDP.PCAP.CD,2002,1367.76506935997
PRY,NY.GDP.PCAP.CD,2001,1637.68615122932
PRY,NY.GDP.PCAP.CD,2000,1736.11729210765
URY,NY.GDP.PCAP.CD,2024,23906.5133029408
URY,NY.GDP.PCAP.CD,2023,23019.4221560046
URY,NY.GDP.PCAP.CD,2022,20818.6146091144
URY,NY.GDP.PCAP.CD,2021,17881.818721099
URY,NY.GDP.PCAP.CD,2020,15757.5355995779
URY,NY.GDP.PCAP.CD,2019,18315.7316980028
URY,NY.GDP.PCAP.CD,2018,19249.9404677501
URY,NY.GDP.PCAP.CD,2017,19184.6502617082
URY,NY.GDP.PCAP.CD,2016,17009.7584207276
URY,NY.GDP.PCAP.CD,2015,17125.9016800298
URY,NY.GDP.PCAP.CD,2014,18322.4276767157
URY,NY.GDP.PCAP.CD,2013,18335.2594772322
URY,NY.GDP.PCAP.CD,2012,16259.5940814256
URY,NY.GDP.PCAP.CD,2011,15132.2675725587
URY,NY.GDP.PCAP.CD,2010,12641.0576849008
URY,NY.GDP.PCAP.CD,2009,9881.39573127081
URY,NY.GDP.PCAP.CD,2008,9423.96562595893
URY,NY.GDP.PCAP.CD,2007,7222.05403645877
URY,NY.GDP.PCAP.CD,2006,6001.33294783172
URY,NY.GDP.PCAP.CD,2005,5284.25677987129
URY,NY.GDP.PCAP.CD,2004,4168.66065438387
URY,NY.GDP.PCAP.CD,2003,3671.12329256883
URY,NY.GDP.PCAP.CD,2002,4149.76140312687
URY,NY.GDP.PCAP.CD,2001,6382.76104740859
URY,NY.GDP.PCAP.CD,2000,6987.70098766257
ARG,NE.EXP.GNFS.ZS,2024,15.3342337389676
ARG,NE.EXP.GNFS.ZS,2023,12.7492457826544
ARG,NE.EXP.GNFS.ZS,2022,16.248014443903
ARG,NE.EXP.GNFS.ZS,2021,18.0667091690365
ARG,NE.EXP.GNFS.ZS,2020,16.6054144372484
ARG,NE.EXP.GNFS.ZS,2019,17.9248783778462
ARG,NE.EXP.GNFS.ZS,2018,14.4366857499034
ARG,NE.EXP.GNFS.ZS,2017,11.3202833596733
ARG,NE.EXP.GNFS.ZS,2016,12.5270951690009
ARG,NE.EXP.GNFS.ZS,2015,10.7056520504538
ARG,NE.EXP.GNFS.ZS,2014,14.4054785893756
ARG,NE.EXP.GNFS.ZS,2013,14.6171733884386
ARG,NE.EXP.GNFS.ZS,2012,16.2378594620246
ARG,NE.EXP.GNFS.ZS,2011,18.4492091453155
ARG,NE.EXP.GNFS.ZS,2010,18.9338234053709
ARG,NE.EXP.GNFS.ZS,2009,19.5609850560818
ARG,NE.EXP.GNFS.ZS,2008,22.0609003826242
ARG,NE.EXP.GNFS.ZS,2007,22.6627503115066
ARG,NE.EXP.GNFS.ZS,2006,23.0266946038115
ARG,NE.EXP.GNFS.ZS,2005,23.2458767338576
ARG,NE.EXP.GNFS.ZS,2004,23.8476194239892
ARG,NE.EXP.GNFS.ZS,2003,25.9309429264224
ARG,NE.EXP.GNFS.ZS,2002,28.3825969991682
ARG,NE.EXP.GNFS.ZS,2001,11.5790080825317
ARG,NE.EXP.GNFS.ZS,2000,10.9863752325576
BOL,NE.EXP.GNFS.ZS,2024,
BOL,NE.EXP.GNFS.ZS,2023,25.5322398177202
BOL,NE.EXP.GNFS.ZS,2022,32.6115548527874
BOL,NE.EXP.GNFS.ZS,2021,27.8253459097756
BOL,NE.EXP.GNFS.ZS,2020,20.2725897857053
BOL,NE.EXP.GNFS.ZS,2019,24.9672622840166
BOL,NE.EXP.GNFS.ZS,2018,25.9887950588635
BOL,NE.EXP.GNFS.ZS,2017,24.9041443675799
BOL,NE.EXP.GNFS.ZS,2016,24.4880055394464
BOL,NE.EXP.GNFS.ZS,2015,30.8682960291245
BOL,NE.EXP.GNFS.ZS,2014,43.2930879909317
BOL,NE.EXP.GNFS.ZS,2013,44.0924795250944
BOL,NE.EXP.GNFS.ZS,2012,47.1661966249317
BOL,NE.EXP.GNFS.ZS,2011,44.0917018533308
BOL,NE.EXP.GNFS.ZS,2010,41.1874561416131
BOL,NE.EXP.GNFS.ZS,2009,35.7226248254274
BOL,NE.EXP.GNFS.ZS,2008,44.9065559925589
BOL,NE.EXP.GNFS.ZS,2007,41.7956567530236
BOL,NE.EXP.GNFS.ZS,2006,41.771714268103
BOL,NE.EXP.GNFS.ZS,2005,35.5481429306567
BOL,NE.EXP.GNFS.ZS,2004,31.1383905185998
BOL,NE.EXP.GNFS.ZS,2003,25.6007344519017
BOL,NE.EXP.GNFS.ZS,2002,21.6344550841802
BOL,NE.EXP.GNFS.ZS,2001,19.972149230267
BOL,NE.EXP.GNFS.ZS,2000,18.2747449737713
BRA,NE.EXP.GNFS.ZS,2024,18.0146799833275
BRA,NE.EXP.GNFS.ZS,2023,17.9693243032741
BRA,NE.EXP.GNFS.ZS,2022,19.6307650034371
BRA,NE.EXP.GNFS.ZS,2021,19.1094303688709
BRA,NE.EXP.GNFS.ZS,2020,16.4535520094071
BRA,NE.EXP.GNFS.ZS,2019,14.1229191913178
BRA,NE.EXP.GNFS.ZS,2018,14.6349994955075
BRA,NE.EXP.GNFS.ZS,2017,12.5189678698768
BRA,NE.EXP.GNFS.ZS,2016,12.4666790429968
BRA,NE.EXP.GNFS.ZS,2015,12.900191418386
BRA,NE.EXP.GNFS.ZS,2014,11.0119428190539
BRA,NE.EXP.GNFS.ZS,2013,11.7422306460189
BRA,NE.EXP.GNFS.ZS,2012,11.8775390704316
BRA,NE.EXP.GNFS.ZS,2011,11.5825126785455
BRA,NE.EXP.GNFS.ZS,2010,10.8655847752557
BRA,NE.EXP.GNFS.ZS,2009,10.8513711347491
BRA,NE.EXP.GNFS.ZS,2008,13.5340005128387
BRA,NE.EXP.GNFS.ZS,2007,13.3276751040789
BRA,NE.EXP.GNFS.ZS,2006,14.3743163038801
BRA,NE.EXP.GNFS.ZS,2005,15.2438292665623
BRA,NE.EXP.GNFS.ZS,2004,16.5457615119353
BRA,NE.EXP.GNFS.ZS,2003,15.1807837086861
BRA,NE.EXP.GNFS.ZS,2002,14.2305902713775
BRA,NE.EXP.GNFS.ZS,2001,12.37171066993
BRA,NE.EXP.GNFS.ZS,2000,10.1880480043795
CHL,NE.EXP.GNFS.ZS,2024,33.7233211746608
CHL,NE.EXP.GNFS.ZS,2023,30.8110620735322
CHL,NE.EXP.GNFS.ZS,2022,35.6066282723137
CHL,NE.EXP.GNFS.ZS,2021,31.9927952679237
CHL,NE.EXP.GNFS.ZS,2020,31.3303902428612
CHL,NE.EXP.GNFS.ZS,2019,27.8746677570512
CHL,NE.EXP.GNFS.ZS,2018,28.5290447397579
CHL,NE.EXP.GNFS.ZS,2017,28.3313768341631
CHL,NE.EXP.GNFS.ZS,2016,27.9231581098221
CHL,NE.EXP.GNFS.ZS,2015,29.1910794903324
CHL,NE.EXP.GNFS.ZS,2014,33.0039029664774
CHL,NE.EXP.GNFS.ZS,2013,32.087463589174
CHL,NE.EXP.GNFS.ZS,2012,33.8455905043756
CHL,NE.EXP.GNFS.ZS,2011,37.6897802745717
CHL,NE.EXP.GNFS.ZS,2010,37.9039943184914
CHL,NE.EXP.GNFS.ZS,2009,37.1156347956721
CHL,NE.EXP.GNFS.ZS,2008,41.1625607908642
CHL,NE.EXP.GNFS.ZS,2007,45.1298518955866
CHL,NE.EXP.GNFS.ZS,2006,43.8656742009237
CHL,NE.EXP.GNFS.ZS,2005,40.1755720109201
CHL,NE.EXP.GNFS.ZS,2004,39.6857495120642
CHL,NE.EXP.GNFS.ZS,2003,35.0609745308001
CHL,NE.EXP.GNFS.ZS,2002,32.2572203545438
CHL,NE.EXP.GNFS.ZS,2001,31.8473112661696
CHL,NE.EXP.GNFS.ZS,2000,30.1237538780926
PRY,NE.EXP.GNFS.ZS,2024,37.2016814689888
PRY,NE.EXP.GNFS.ZS,2023,42.0641902129296
PRY,NE.EXP.GNFS.ZS,2022,34.3693845850371
PRY,NE.EXP.GNFS.ZS,2021,35.4870925101591
PRY,NE.EXP.GNFS.ZS,2020,33.2706269850168
PRY,NE.EXP.GNFS.ZS,2019,36.0872909434467
PRY,NE.EXP.GNFS.ZS,2018,36.8532235364332
PRY,NE.EXP.GNFS.ZS,2017,38.1692845403814
PRY,NE.EXP.GNFS.ZS,2016,37.1432329052059
PRY,NE.EXP.GNFS.ZS,2015,34.734658699956
PRY,NE.EXP.GNFS.ZS,2014,35.4644118987732
PRY,NE.EXP.GNFS.ZS,2013,38.7136655822512
PRY,NE.EXP.GNFS.ZS,2012,37.995519198228
PRY,NE.EXP.GNFS.ZS,2011,40.238859668619
PRY,NE.EXP.GNFS.ZS,2010,42.1398416256059
PRY,NE.EXP.GNFS.ZS,2009,38.0972540491829
PRY,NE.EXP.GNFS.ZS,2008,42.4383687094115
PRY,NE.EXP.GNFS.ZS,2007,43.374929155941
PRY,NE.EXP.GNFS.ZS,2006,46.2930851780555
PRY,NE.EXP.GNFS.ZS,2005,47.5935921119847
PRY,NE.EXP.GNFS.ZS,2004,45.6878246718486
PRY,NE.EXP.GNFS.ZS,2003,47.1446575963153
PRY,NE.EXP.GNFS.ZS,2002,47.4750765387374
PRY,NE.EXP.GNFS.ZS,2001,40.6425889608269
PRY,NE.EXP.GNFS.ZS,2000,43.3309260294934
URY,NE.EXP.GNFS.ZS,2024,28.7607719167193
URY,NE.EXP.GNFS.ZS,2023,28.1403012343037
URY,NE.EXP.GNFS.ZS,2022,33.3316130133263
URY,NE.EXP.GNFS.ZS,2021,32.944605201732
URY,NE.EXP.GNFS.ZS,2020,26.188280623321
URY,NE.EXP.GNFS.ZS,2019,27.9053695836796
URY,NE.EXP.GNFS.ZS,2018,26.4215439434306
URY,NE.EXP.GNFS.ZS,2017,25.9311810606296
URY,NE.EXP.GNFS.ZS,2016,26.9316576016427
URY,NE.EXP.GNFS.ZS,2015,22.4778512515741
URY,NE.EXP.GNFS.ZS,2014,23.5426616139817
URY,NE.EXP.GNFS.ZS,2013,23.3531364247538
URY,NE.EXP.GNFS.ZS,2012,25.9196294244279
URY,NE.EXP.GNFS.ZS,2011,26.4221494211811
URY,NE.EXP.GNFS.ZS,2010,26.3429945409681
URY,NE.EXP.GNFS.ZS,2009,27.0992157546178
URY,NE.EXP.GNFS.ZS,2008,30.2030239718046
URY,NE.EXP.GNFS.ZS,2007,29.0904872479399
URY,NE.EXP.GNFS.ZS,2006,30.2975044020751
URY,NE.EXP.GNFS.ZS,2005,30.4040198202399
URY,NE.EXP.GNFS.ZS,2004,32.1122956028892
URY,NE.EXP.GNFS.ZS,2003,27.4324201365808
URY,NE.EXP.GNFS.ZS,2002,20.6216724821799
URY,NE.EXP.GNFS.ZS,2001,16.8046592733471
URY,NE.EXP.GNFS.ZS,2000,16.6980989454195
ARG,NY.GDP.DEFL.KD.ZG,2024,207.9218609534
ARG,NY.GDP.DEFL.KD.ZG,2023,135.368876310592
ARG,NY.GDP.DEFL.KD.ZG,2022,69.8760842459268
ARG,NY.GDP.DEFL.KD.ZG,2021,53.8020877665554
ARG,NY.GDP.DEFL.KD.ZG,2020,40.0830878011993
ARG,NY.GDP.DEFL.KD.ZG,2019,49.1955790596612
ARG,NY.GDP.DEFL.KD.ZG,2018,42.0336689575031
ARG,NY.GDP.DEFL.KD.ZG,2017,26.0063792819079
ARG,NY.GDP.DEFL.KD.ZG,2016,41.1193799882279
ARG,NY.GDP.DEFL.KD.ZG,2015,26.5799916024707
ARG,NY.GDP.DEFL.KD.ZG,2014,40.2829716315506
ARG,NY.GDP.DEFL.KD.ZG,2013,23.9487984162746
ARG,NY.GDP.DEFL.KD.ZG,2012,22.3148806733049
ARG,NY.GDP.DEFL.KD.ZG,2011,23.7034721839593
ARG,NY.GDP.DEFL.KD.ZG,2010,20.915124272047
ARG,NY.GDP.DEFL.KD.ZG,2009,15.3776493708921
ARG,NY.GDP.DEFL.KD.ZG,2008,23.1711649813124
ARG,NY.GDP.DEFL.KD.ZG,2007,14.9399250245835
ARG,NY.GDP.DEFL.KD.ZG,2006,13.7410524859152
ARG,NY.GDP.DEFL.KD.ZG,2005,10.3175111982406
ARG,NY.GDP.DEFL.KD.ZG,2004,18.3633542492033
ARG,NY.GDP.DEFL.KD.ZG,2003,10.4957030215496
ARG,NY.GDP.DEFL.KD.ZG,2002,30.555204053903
ARG,NY.GDP.DEFL.KD.ZG,2001,-1.09576771833679
ARG,NY.GDP.DEFL.KD.ZG,2000,1.03728710073175
BOL,NY.GDP.DEFL.KD.ZG,2024,8.53995671573371
BOL,NY.GDP.DEFL.KD.ZG,2023,-0.505250417036535
BOL,NY.GDP.DEFL.KD.ZG,2022,5.12446443182509
BOL,NY.GDP.DEFL.KD.ZG,2021,3.95611968532512
BOL,NY.GDP.DEFL.KD.ZG,2020,-1.8543866829455
BOL,NY.GDP.DEFL.KD.ZG,2019,-0.693003271755344
BOL,NY.GDP.DEFL.KD.ZG,2018,3.05626575345299
BOL,NY.GDP.DEFL.KD.ZG,2017,6.06139996218435
BOL,NY.GDP.DEFL.KD.ZG,2016,-1.35487058059017
BOL,NY.GDP.DEFL.KD.ZG,2015,-4.62060225845632
BOL,NY.GDP.DEFL.KD.ZG,2014,2.04949772560468
BOL,NY.GDP.DEFL.KD.ZG,2013,5.99538836854924
BOL,NY.GDP.DEFL.KD.ZG,2012,7.10027550115058
BOL,NY.GDP.DEFL.KD.ZG,2011,14.6023542400665
BOL,NY.GDP.DEFL.KD.ZG,2010,8.77750811554523
BOL,NY.GDP.DEFL.KD.ZG,2009,-2.41989432827502
BOL,NY.GDP.DEFL.KD.ZG,2008,10.381181762675
BOL,NY.GDP.DEFL.KD.ZG,2007,7.37335386111839
BOL,NY.GDP.DEFL.KD.ZG,2006,13.6636795403543
BOL,NY.GDP.DEFL.KD.ZG,2005,5.94079763021928
BOL,NY.GDP.DEFL.KD.ZG,2004,7.96770950924268
BOL,NY.GDP.DEFL.KD.ZG,2003,6.32999229252485
BOL,NY.GDP.DEFL.KD.ZG,2002,2.82075739734616
BOL,NY.GDP.DEFL.KD.ZG,2001,1.87009365776751
BOL,NY.GDP.DEFL.KD.ZG,2000,5.19540520801752
BRA,NY.GDP.DEFL.KD.ZG,2024,3.79801408025078
BRA,NY.GDP.DEFL.KD.ZG,2023,5.15950107377019
BRA,NY.GDP.DEFL.KD.ZG,2022,8.57028196165616
BRA,NY.GDP.DEFL.KD.ZG,2021,13.0472708601388
BRA,NY.GDP.DEFL.KD.ZG,2020,6.47249962315726
BRA,NY.GDP.DEFL.KD.ZG,2019,4.22425886342708
BRA,NY.GDP.DEFL.KD.ZG,2018,4.4935343282916
BRA,NY.GDP.DEFL.KD.ZG,2017,3.67138450274919
BRA,NY.GDP.DEFL.KD.ZG,2016,8.10360437618169
BRA,NY.GDP.DEFL.KD.ZG,2015,7.56617500668908
BRA,NY.GDP.DEFL.KD.ZG,2014,7.84670975161919
BRA,NY.GDP.DEFL.KD.ZG,2013,7.50456453379576
BRA,NY.GDP.DEFL.KD.ZG,2012,7.94312693485261
BRA,NY.GDP.DEFL.KD.ZG,2011,8.31859222192008
BRA,NY.GDP.DEFL.KD.ZG,2010,8.42333833760436
BRA,NY.GDP.DEFL.KD.ZG,2009,7.31348274294028
BRA,NY.GDP.DEFL.KD.ZG,2008,8.77855272817531
BRA,NY.GDP.DEFL.KD.ZG,2007,6.43903810570731
BRA,NY.GDP.DEFL.KD.ZG,2006,6.77427408762492
BRA,NY.GDP.DEFL.KD.ZG,2005,7.43122475747793
BRA,NY.GDP.DEFL.KD.ZG,2004,7.75206076321267
BRA,NY.GDP.DEFL.KD.ZG,2003,14.0910215230394
BRA,NY.GDP.DEFL.KD.ZG,2002,9.79811223755975
BRA,NY.GDP.DEFL.KD.ZG,2001,8.22509432125631
BRA,NY.GDP.DEFL.KD.ZG,2000,5.60606514085735
CHL,NY.GDP.DEFL.KD.ZG,2024,7.71495965879036
CHL,NY.GDP.DEFL.KD.ZG,2023,6.58777169908957
CHL,NY.GDP.DEFL.KD.ZG,2022,7.5601573866271
CHL,NY.GDP.DEFL.KD.ZG,2021,6.86882637051349
CHL,NY.GDP.DEFL.KD.ZG,2020,9.66572269693961
CHL,NY.GDP.DEFL.KD.ZG,2019,2.56778721379496
CHL,NY.GDP.DEFL.KD.ZG,2018,1.59019973716229
CHL,NY.GDP.DEFL.KD.ZG,2017,4.82819188620873
CHL,NY.GDP.DEFL.KD.ZG,2016,4.56065603684756
CHL,NY.GDP.DEFL.KD.ZG,2015,4.95436553002575
CHL,NY.GDP.DEFL.KD.ZG,2014,5.85289162562634
CHL,NY.GDP.DEFL.KD.ZG,2013,2.26077060922354
CHL,NY.GDP.DEFL.KD.ZG,2012,0.763466680663043
CHL,NY.GDP.DEFL.KD.ZG,2011,3.26051486618304
CHL,NY.GDP.DEFL.KD.ZG,2010,8.85744148942345
CHL,NY.GDP.DEFL.KD.ZG,2009,3.57779504174319
CHL,NY.GDP.DEFL.KD.ZG,2008,0.311132498734963
CHL,NY.GDP.DEFL.KD.ZG,2007,5.08875706689086
CHL,NY.GDP.DEFL.KD.ZG,2006,12.3498959208792
CHL,NY.GDP.DEFL.KD.ZG,2005,7.12031535233233
CHL,NY.GDP.DEFL.KD.ZG,2004,7.02476170663786
CHL,NY.GDP.DEFL.KD.ZG,2003,4.30030088388355
CHL,NY.GDP.DEFL.KD.ZG,2002,3.34066037242444
CHL,NY.GDP.DEFL.KD.ZG,2001,4.27714698187522
CHL,NY.GDP.DEFL.KD.ZG,2000,4.56004348660028
PRY,NY.GDP.DEFL.KD.ZG,2024,2.58685794298384
PRY,NY.GDP.DEFL.KD.ZG,2023,2.17499450130833
PRY,NY.GDP.DEFL.KD.ZG,2022,8.05446050274443
PRY,NY.GDP.DEFL.KD.ZG,2021,8.44812602664209
PRY,NY.GDP.DEFL.KD.ZG,2020,2.20392146778615
PRY,NY.GDP.DEFL.KD.ZG,2019,3.06187945458328
PRY,NY.GDP.DEFL.KD.ZG,2018,1.96024819846549
PRY,NY.GDP.DEFL.KD.ZG,2017,2.15920929174615
PRY,NY.GDP.DEFL.KD.ZG,2016,4.13475444403026
PRY,NY.GDP.DEFL.KD.ZG,2015,1.60388801037963
PRY,NY.GDP.DEFL.KD.ZG,2014,2.85700648471038
PRY,NY.GDP.DEFL.KD.ZG,2013,4.33767609515789
PRY,NY.GDP.DEFL.KD.ZG,2012,4.79827587865157
PRY,NY.GDP.DEFL.KD.ZG,2011,5.09571053875749
PRY,NY.GDP.DEFL.KD.ZG,2010,4.65570138250342
PRY,NY.GDP.DEFL.KD.ZG,2009,3.64796491881232
PRY,NY.GDP.DEFL.KD.ZG,2008,12.2247550551932
PRY,NY.GDP.DEFL.KD.ZG,2007,12.6355056430918
PRY,NY.GDP.DEFL.KD.ZG,2006,8.8558326538908
PRY,NY.GDP.DEFL.KD.ZG,2005,12.9528241180261
PRY,NY.GDP.DEFL.KD.ZG,2004,11.8350052238006
PRY,NY.GDP.DEFL.KD.ZG,2003,15.144324650951
PRY,NY.GDP.DEFL.KD.ZG,2002,17.949384209928
PRY,NY.GDP.DEFL.KD.ZG,2001,13.9356046926921
PRY,NY.GDP.DEFL.KD.ZG,2000,14.6645054427207
URY,NY.GDP.DEFL.KD.ZG,2024,4.28018446565413
URY,NY.GDP.DEFL.KD.ZG,2023,3.41312548351563
URY,NY.GDP.DEFL.KD.ZG,2022,5.14768051145199
URY,NY.GDP.DEFL.KD.ZG,2021,11.0740404050254
URY,NY.GDP.DEFL.KD.ZG,2020,10.723425814045
URY,NY.GDP.DEFL.KD.ZG,2019,8.25631097039718
URY,NY.GDP.DEFL.KD.ZG,2018,7.52563139154017
URY,NY.GDP.DEFL.KD.ZG,2017,5.68010483514479
URY,NY.GDP.DEFL.KD.ZG,2016,8.1654565431532
URY,NY.GDP.DEFL.KD.ZG,2015,9.85542032172539
URY,NY.GDP.DEFL.KD.ZG,2014,10.2206566034525
URY,NY.GDP.DEFL.KD.ZG,2013,8.99924666884517
URY,NY.GDP.DEFL.KD.ZG,2012,9.41291247372213
URY,NY.GDP.DEFL.KD.ZG,2011,9.87542024568336
URY,NY.GDP.DEFL.KD.ZG,2010,5.74685698442181
URY,NY.GDP.DEFL.KD.ZG,2009,8.6170745452345
URY,NY.GDP.DEFL.KD.ZG,2008,8.90238857828685
URY,NY.GDP.DEFL.KD.ZG,2007,10.3149681755111
URY,NY.GDP.DEFL.KD.ZG,2006,7.41439912975062
URY,NY.GDP.DEFL.KD.ZG,2005,0.677868373740196
URY,NY.GDP.DEFL.KD.ZG,2004,10.1050559964877
URY,NY.GDP.DEFL.KD.ZG,2003,16.5416351537692
URY,NY.GDP.DEFL.KD.ZG,2002,12.6162766389703
URY,NY.GDP.DEFL.KD.ZG,2001,4.82661833265487
URY,NY.GDP.DEFL.KD.ZG,2000,3.53930849282203
